CREATE DATABASE  IF NOT EXISTS `indian_people_stats` /*!40100 DEFAULT CHARACTER SET utf8 */;
USE `indian_people_stats`;
-- MySQL dump 10.13  Distrib 8.0.17, for Win64 (x86_64)
--
-- Host: 127.0.0.1    Database: indian_people_stats
-- ------------------------------------------------------
-- Server version	5.7.24

/*!40101 SET @OLD_CHARACTER_SET_CLIENT=@@CHARACTER_SET_CLIENT */;
/*!40101 SET @OLD_CHARACTER_SET_RESULTS=@@CHARACTER_SET_RESULTS */;
/*!40101 SET @OLD_COLLATION_CONNECTION=@@COLLATION_CONNECTION */;
/*!50503 SET NAMES utf8 */;
/*!40103 SET @OLD_TIME_ZONE=@@TIME_ZONE */;
/*!40103 SET TIME_ZONE='+00:00' */;
/*!40014 SET @OLD_UNIQUE_CHECKS=@@UNIQUE_CHECKS, UNIQUE_CHECKS=0 */;
/*!40014 SET @OLD_FOREIGN_KEY_CHECKS=@@FOREIGN_KEY_CHECKS, FOREIGN_KEY_CHECKS=0 */;
/*!40101 SET @OLD_SQL_MODE=@@SQL_MODE, SQL_MODE='NO_AUTO_VALUE_ON_ZERO' */;
/*!40111 SET @OLD_SQL_NOTES=@@SQL_NOTES, SQL_NOTES=0 */;

--
-- Table structure for table `flooring`
--

DROP TABLE IF EXISTS `flooring`;
/*!40101 SET @saved_cs_client     = @@character_set_client */;
/*!50503 SET character_set_client = utf8mb4 */;
CREATE TABLE `flooring` (
  `idFloor` int(4) unsigned NOT NULL AUTO_INCREMENT,
  `mud` int(4) unsigned DEFAULT '0',
  `wood` int(4) unsigned DEFAULT '0',
  `brick` int(4) unsigned DEFAULT '0',
  `stone` int(4) unsigned DEFAULT '0',
  `cement` int(4) unsigned DEFAULT '0',
  `mosaic` int(4) unsigned DEFAULT '0',
  `otherFloor` int(4) unsigned DEFAULT '0',
  `idStateLoc` int(4) unsigned NOT NULL,
  PRIMARY KEY (`idFloor`)
) ENGINE=InnoDB AUTO_INCREMENT=128 DEFAULT CHARSET=utf8;
/*!40101 SET character_set_client = @saved_cs_client */;

--
-- Dumping data for table `flooring`
--

LOCK TABLES `flooring` WRITE;
/*!40000 ALTER TABLE `flooring` DISABLE KEYS */;
INSERT INTO `flooring` VALUES (1,7997880,45420,94488,3829081,2931084,84033,48655,1),(2,496367,10447,28101,2362869,1558039,473033,50847,2),(3,62617,116707,292,401,37272,89,388,3),(4,20571,10794,309,377,33669,147,127,4),(5,4536303,190347,49671,19399,387350,8810,2410,5),(6,389088,18905,27090,11562,503712,23629,718,6),(7,12768815,86920,344648,35388,1305839,27232,7064,7),(8,621004,13685,82412,10721,948452,63331,1016,8),(9,3591454,7716,9415,149724,248636,8881,1896,9),(10,353191,2506,6200,127069,423907,67147,984,10),(11,105529,391,850,1245,77329,38726,613,11),(12,36384,704,1034,1393,99997,93363,1310,12),(13,376692,13349,21264,568100,1357705,2558329,26383,13),(14,4452316,19276,33951,327585,1819712,857525,14808,14),(15,1916218,5375,520770,35181,1003792,56099,7049,15),(16,220096,3282,155829,78591,976468,119526,7999,16),(17,1297320,228996,6528,50324,571209,10132,3830,17),(18,28127,7030,1518,1879,192280,9034,715,18),(19,1555302,151794,9660,8926,391929,4661,3214,19),(20,130680,20299,5125,3239,464219,17996,1508,20),(21,3801701,6243,48437,6281,619037,4861,2647,21),(22,339473,6704,27843,4361,935525,34438,971,22),(23,4910985,41439,41400,1418565,2407358,132880,45854,23),(24,534482,17031,23660,853468,2467362,912206,23406,24),(25,1791236,21667,53279,80733,4505922,392957,48982,25),(26,284427,5094,22466,17821,1716511,378387,37392,26),(27,9209664,18594,45042,321367,654200,131912,11758,27),(28,1103837,12342,25222,512506,1349038,615130,8734,28),(29,1412513,48147,74552,551808,2530113,6316465,258796,29),(30,10777153,64916,105431,533788,1126947,1658651,142109,30),(31,286826,48365,2112,1671,22342,586,127,31),(32,92392,2604,2237,1344,30153,1426,186,32),(33,173749,167671,1588,1209,55987,370,818,33),(34,16345,40313,431,792,59981,1020,328,34),(35,7330,76349,83,106,7142,4,174,35),(36,7194,56040,164,105,34948,249,181,36),(37,187841,68061,1573,1379,35331,551,182,37),(38,25835,13717,577,391,43670,1181,56,38),(39,6507071,72064,78575,39601,1661232,13539,6425,39),(40,391466,35953,16897,6799,992842,48400,2165,40),(41,1907982,6549,655972,104777,1063286,59930,6579,41),(42,288532,5585,342473,283772,1149899,81937,10203,42),(43,5634567,17450,133296,879243,2892857,124357,55774,43),(44,358679,6368,75403,676792,1704100,353253,25594,44),(45,637,1039,25,56,16250,876,5,45),(46,44708,24060,204,2225,38078,475,205,46),(47,4178613,12476,181770,44746,5095522,199742,11842,47),(48,955203,9546,148668,31472,5024425,1080325,22254,48),(49,618452,30644,11307,831,39045,674,202,49),(50,83829,1220,7774,737,66737,1638,93,50),(51,23548929,82547,1135947,97578,2180738,115504,17740,51),(52,1766174,31881,827258,144213,3924493,416239,12214,52),(53,1389703,52751,21658,71481,461179,12953,2905,53),(54,75802,3384,12336,5481,404278,51714,657,54),(55,11441120,151907,415797,50849,2307003,30558,16077,55),(56,1245696,59323,194141,29636,3872338,318914,6798,56),(57,34822,5077,121,181,31392,91,152,57),(58,2660,1478,136,108,27636,343,25,58),(59,2605,52,1265,118,22095,269,24,59),(60,23578,279,4111,5703,160327,20269,3439,60),(61,2391,31,166,481,5950,7381,179,61),(62,25886,36,295,404,8108,6086,109,62),(63,5494,88,77,308,21840,6453,55,63),(64,787,81,102,542,8978,9032,65,64),(65,47809,311,24879,4947,147382,18494,866,65),(66,213832,4790,120231,92931,2266101,427073,10310,66),(67,1390,1,12,3,7759,261,33,67),(68,753,2,9,4,5830,338,212,68),(69,36591,88,600,227,49992,2440,41,69),(70,25155,203,928,428,120156,29677,680,70);
/*!40000 ALTER TABLE `flooring` ENABLE KEYS */;
UNLOCK TABLES;

--
-- Table structure for table `latrine`
--

DROP TABLE IF EXISTS `latrine`;
/*!40101 SET @saved_cs_client     = @@character_set_client */;
/*!50503 SET character_set_client = utf8mb4 */;
CREATE TABLE `latrine` (
  `idLat` int(4) unsigned NOT NULL AUTO_INCREMENT,
  `pitLat` int(4) unsigned DEFAULT '0',
  `wc` int(4) unsigned DEFAULT '0',
  `otherLat` int(4) unsigned DEFAULT '0',
  `noLat` int(4) unsigned DEFAULT '0',
  `idStateLoc` int(4) unsigned NOT NULL,
  PRIMARY KEY (`idLat`)
) ENGINE=InnoDB AUTO_INCREMENT=128 DEFAULT CHARSET=utf8;
/*!40101 SET character_set_client = @saved_cs_client */;

--
-- Dumping data for table `latrine`
--

LOCK TABLES `latrine` WRITE;
/*!40000 ALTER TABLE `latrine` DISABLE KEYS */;
INSERT INTO `latrine` VALUES (1,809705,1093148,397842,10375523,1),(2,630179,1960525,667807,915128,2),(3,39513,9940,28418,86630,3),(4,15434,13499,12903,6278,4),(5,1979800,363519,170485,1706369,5),(6,188702,421092,66741,38650,6),(7,755668,526492,479431,10898416,7),(8,150391,574602,196767,400823,8),(9,59659,61434,52901,3185084,9),(10,40676,306495,68034,374235,10),(11,26636,29316,11911,72892,11),(12,25948,53831,16080,42602,12),(13,366410,2334150,326408,731060,13),(14,475894,663847,134782,4611438,14),(15,502207,51845,149461,1750950,15),(16,284714,333201,249377,207887,16),(17,164167,70258,69777,793318,17),(18,17166,71153,22197,32597,18),(19,190753,33450,261231,675923,19),(20,78751,103602,156815,51243,20),(21,80582,84693,84517,3552620,21),(22,78521,437172,191197,353288,22),(23,632514,311500,217245,5513914,23),(24,736283,1595616,343868,881193,24),(25,631664,3063983,324374,922529,25),(26,183557,1235462,101728,131909,26),(27,315561,213056,197601,7398577,27),(28,332437,1148702,412089,901630,28),(29,571036,3580166,535330,3382994,29),(30,1124458,585470,292008,8991687,30),(31,198029,13708,17925,66692,31),(32,67834,20815,7904,4749,32),(33,98370,12339,21490,197479,33),(34,30005,39435,13505,7623,34),(35,55677,3271,4337,16077,35),(36,44477,28170,7353,1604,36),(37,125410,15705,30410,93809,37),(38,27000,13255,22539,3922,38),(39,209472,223290,90510,6259607,39),(40,103055,468113,77767,438313,40),(41,731747,177292,226487,1639936,41),(42,305813,692949,290145,200787,42),(43,579921,227428,238036,6111318,43),(44,397910,886868,378726,522087,44),(45,251,11322,373,1069,45),(46,27296,22326,4816,37285,46),(47,377122,609067,201730,7086871,47),(48,658193,2682181,454527,2103935,48),(49,356303,24631,39650,119096,49),(50,54806,52763,11051,3723,50),(51,1716646,401200,1840724,16631504,51),(52,934442,1653335,1549079,1033671,52),(53,192541,85770,99685,818161,53),(54,104258,159255,75478,51173,54),(55,1712827,778345,514682,8156016,55),(56,1042595,2513682,307646,690122,56),(57,6154,9127,5737,28635,57),(58,1578,13739,2589,5503,58),(59,1363,10137,3098,6704,59),(60,1849,127789,14950,35988,60),(61,388,8010,241,2551,61),(62,74,5538,67,27104,62),(63,2069,4468,537,15017,63),(64,419,7418,179,4235,64),(65,55767,32255,18586,62920,65),(66,362087,1129239,393275,500020,66),(67,20,4881,83,367,67),(68,30,2729,499,631,68),(69,708,14325,434,56732,69),(70,2994,81057,4692,47713,70);
/*!40000 ALTER TABLE `latrine` ENABLE KEYS */;
UNLOCK TABLES;

--
-- Table structure for table `location`
--

DROP TABLE IF EXISTS `location`;
/*!40101 SET @saved_cs_client     = @@character_set_client */;
/*!50503 SET character_set_client = utf8mb4 */;
CREATE TABLE `location` (
  `idLoc` int(4) unsigned NOT NULL AUTO_INCREMENT,
  `locType` varchar(32) NOT NULL,
  PRIMARY KEY (`idLoc`)
) ENGINE=InnoDB AUTO_INCREMENT=4 DEFAULT CHARSET=utf8;
/*!40101 SET character_set_client = @saved_cs_client */;

--
-- Dumping data for table `location`
--

LOCK TABLES `location` WRITE;
/*!40000 ALTER TABLE `location` DISABLE KEYS */;
INSERT INTO `location` VALUES (1,'Rural'),(2,'Urban');
/*!40000 ALTER TABLE `location` ENABLE KEYS */;
UNLOCK TABLES;

--
-- Table structure for table `state`
--

DROP TABLE IF EXISTS `state`;
/*!40101 SET @saved_cs_client     = @@character_set_client */;
/*!50503 SET character_set_client = utf8mb4 */;
CREATE TABLE `state` (
  `idState` int(4) unsigned NOT NULL AUTO_INCREMENT,
  `stateName` varchar(128) NOT NULL,
  PRIMARY KEY (`idState`)
) ENGINE=InnoDB AUTO_INCREMENT=64 DEFAULT CHARSET=utf8;
/*!40101 SET character_set_client = @saved_cs_client */;

--
-- Dumping data for table `state`
--

LOCK TABLES `state` WRITE;
/*!40000 ALTER TABLE `state` DISABLE KEYS */;
INSERT INTO `state` VALUES (1,'STATE - ANDHRA PRADESH  28'),(2,'STATE - ARUNACHAL PRADESH  12'),(3,'STATE - ASSAM  18'),(4,'STATE - BIHAR  10'),(5,'STATE - CHHATTISGARH  22'),(6,'STATE - GOA  30'),(7,'STATE - GUJARAT  24'),(8,'STATE - HARYANA  06'),(9,'STATE - HIMACHAL PRADESH  02'),(10,'STATE - JAMMU & KASHMIR  01'),(11,'STATE - JHARKHAND  20'),(12,'STATE - KARNATAKA  29'),(13,'STATE - KERALA  32'),(14,'STATE - MADHYA PRADESH  23'),(15,'STATE - MAHARASHTRA  27'),(16,'STATE - MANIPUR  14'),(17,'STATE - MEGHALAYA  17'),(18,'STATE - MIZORAM  15'),(19,'STATE - NAGALAND  13'),(20,'STATE - ORISSA  21'),(21,'STATE - PUNJAB  03'),(22,'STATE - RAJASTHAN  08'),(23,'STATE - SIKKIM  11'),(24,'STATE - TAMIL NADU  33'),(25,'STATE - TRIPURA  16'),(26,'STATE - UTTAR PRADESH  09'),(27,'STATE - UTTARANCHAL  05'),(28,'STATE - WEST BENGAL  19'),(29,'UNION TERRITORY - ANDAMAN & NICOBAR ISLANDS  35'),(30,'UNION TERRITORY - CHANDIGARH  04'),(31,'UNION TERRITORY - DADRA & NAGAR HAVELI  26'),(32,'UNION TERRITORY - DAMAN & DIU  25'),(33,'UNION TERRITORY - DELHI  07'),(34,'UNION TERRITORY - LAKSHADWEEP  31'),(35,'UNION TERRITORY - PONDICHERRY  34');
/*!40000 ALTER TABLE `state` ENABLE KEYS */;
UNLOCK TABLES;

--
-- Table structure for table `state_floor`
--

DROP TABLE IF EXISTS `state_floor`;
/*!40101 SET @saved_cs_client     = @@character_set_client */;
/*!50503 SET character_set_client = utf8mb4 */;
CREATE TABLE `state_floor` (
  `idStateFloor` int(4) unsigned NOT NULL AUTO_INCREMENT,
  `stateName` varchar(128) NOT NULL,
  `rurUrb` varchar(32) NOT NULL,
  `mud` int(4) unsigned DEFAULT '0',
  `wood` int(4) unsigned DEFAULT '0',
  `brick` int(4) unsigned DEFAULT '0',
  `stone` int(4) unsigned DEFAULT '0',
  `cement` int(4) unsigned DEFAULT '0',
  `mosaic` int(4) unsigned DEFAULT '0',
  `otherFloor` int(4) unsigned DEFAULT '0',
  PRIMARY KEY (`idStateFloor`)
) ENGINE=InnoDB AUTO_INCREMENT=71 DEFAULT CHARSET=utf8;
/*!40101 SET character_set_client = @saved_cs_client */;

--
-- Dumping data for table `state_floor`
--

LOCK TABLES `state_floor` WRITE;
/*!40000 ALTER TABLE `state_floor` DISABLE KEYS */;
INSERT INTO `state_floor` VALUES (1,'STATE - ANDHRA PRADESH  28','Rural',7997880,45420,94488,3829081,2931084,84033,48655),(2,'STATE - ANDHRA PRADESH  28','Urban',496367,10447,28101,2362869,1558039,473033,50847),(3,'STATE - ARUNACHAL PRADESH  12','Rural',62617,116707,292,401,37272,89,388),(4,'STATE - ARUNACHAL PRADESH  12','Urban',20571,10794,309,377,33669,147,127),(5,'STATE - ASSAM  18','Rural',4536303,190347,49671,19399,387350,8810,2410),(6,'STATE - ASSAM  18','Urban',389088,18905,27090,11562,503712,23629,718),(7,'STATE - BIHAR  10','Rural',12768815,86920,344648,35388,1305839,27232,7064),(8,'STATE - BIHAR  10','Urban',621004,13685,82412,10721,948452,63331,1016),(9,'STATE - CHHATTISGARH  22','Rural',3591454,7716,9415,149724,248636,8881,1896),(10,'STATE - CHHATTISGARH  22','Urban',353191,2506,6200,127069,423907,67147,984),(11,'STATE - GOA  30','Rural',105529,391,850,1245,77329,38726,613),(12,'STATE - GOA  30','Urban',36384,704,1034,1393,99997,93363,1310),(13,'STATE - GUJARAT  24','Rural',4452316,19276,33951,327585,1819712,857525,14808),(14,'STATE - GUJARAT  24','Urban',376692,13349,21264,568100,1357705,2558329,26383),(15,'STATE - HARYANA  06','Rural',1916218,5375,520770,35181,1003792,56099,7049),(16,'STATE - HARYANA  06','Urban',220096,3282,155829,78591,976468,119526,7999),(17,'STATE - HIMACHAL PRADESH  02','Rural',1297320,228996,6528,50324,571209,10132,3830),(18,'STATE - HIMACHAL PRADESH  02','Urban',28127,7030,1518,1879,192280,9034,715),(19,'STATE - JAMMU & KASHMIR  01','Rural',1555302,151794,9660,8926,391929,4661,3214),(20,'STATE - JAMMU & KASHMIR  01','Urban',130680,20299,5125,3239,464219,17996,1508),(21,'STATE - JHARKHAND  20','Rural',3801701,6243,48437,6281,619037,4861,2647),(22,'STATE - JHARKHAND  20','Urban',339473,6704,27843,4361,935525,34438,971),(23,'STATE - KARNATAKA  29','Rural',4910985,41439,41400,1418565,2407358,132880,45854),(24,'STATE - KARNATAKA  29','Urban',534482,17031,23660,853468,2467362,912206,23406),(25,'STATE - KERALA  32','Rural',1791236,21667,53279,80733,4505922,392957,48982),(26,'STATE - KERALA  32','Urban',284427,5094,22466,17821,1716511,378387,37392),(27,'STATE - MADHYA PRADESH  23','Rural',9209664,18594,45042,321367,654200,131912,11758),(28,'STATE - MADHYA PRADESH  23','Urban',1103837,12342,25222,512506,1349038,615130,8734),(29,'STATE - MAHARASHTRA  27','Rural',10777153,64916,105431,533788,1126947,1658651,142109),(30,'STATE - MAHARASHTRA  27','Urban',1412513,48147,74552,551808,2530113,6316465,258796),(31,'STATE - MANIPUR  14','Rural',286826,48365,2112,1671,22342,586,127),(32,'STATE - MANIPUR  14','Urban',92392,2604,2237,1344,30153,1426,186),(33,'STATE - MEGHALAYA  17','Rural',173749,167671,1588,1209,55987,370,818),(34,'STATE - MEGHALAYA  17','Urban',16345,40313,431,792,59981,1020,328),(35,'STATE - MIZORAM  15','Rural',7330,76349,83,106,7142,4,174),(36,'STATE - MIZORAM  15','Urban',7194,56040,164,105,34948,249,181),(37,'STATE - NAGALAND  13','Rural',187841,68061,1573,1379,35331,551,182),(38,'STATE - NAGALAND  13','Urban',25835,13717,577,391,43670,1181,56),(39,'STATE - ORISSA  21','Rural',6507071,72064,78575,39601,1661232,13539,6425),(40,'STATE - ORISSA  21','Urban',391466,35953,16897,6799,992842,48400,2165),(41,'STATE - PUNJAB  03','Rural',1907982,6549,655972,104777,1063286,59930,6579),(42,'STATE - PUNJAB  03','Urban',288532,5585,342473,283772,1149899,81937,10203),(43,'STATE - RAJASTHAN  08','Rural',5634567,17450,133296,879243,2892857,124357,55774),(44,'STATE - RAJASTHAN  08','Urban',358679,6368,75403,676792,1704100,353253,25594),(45,'STATE - SIKKIM  11','Rural',44708,24060,204,2225,38078,475,205),(46,'STATE - SIKKIM  11','Urban',637,1039,25,56,16250,876,5),(47,'STATE - TAMIL NADU  33','Rural',4178613,12476,181770,44746,5095522,199742,11842),(48,'STATE - TAMIL NADU  33','Urban',955203,9546,148668,31472,5024425,1080325,22254),(49,'STATE - TRIPURA  16','Rural',618452,30644,11307,831,39045,674,202),(50,'STATE - TRIPURA  16','Urban',83829,1220,7774,737,66737,1638,93),(51,'STATE - UTTAR PRADESH  09','Rural',23548929,82547,1135947,97578,2180738,115504,17740),(52,'STATE - UTTAR PRADESH  09','Urban',1766174,31881,827258,144213,3924493,416239,12214),(53,'STATE - UTTARANCHAL  05','Rural',1389703,52751,21658,71481,461179,12953,2905),(54,'STATE - UTTARANCHAL  05','Urban',75802,3384,12336,5481,404278,51714,657),(55,'STATE - WEST BENGAL  19','Rural',11441120,151907,415797,50849,2307003,30558,16077),(56,'STATE - WEST BENGAL  19','Urban',1245696,59323,194141,29636,3872338,318914,6798),(57,'UNION TERRITORY - ANDAMAN & NICOBAR ISLANDS  35','Rural',34822,5077,121,181,31392,91,152),(58,'UNION TERRITORY - ANDAMAN & NICOBAR ISLANDS  35','Urban',2660,1478,136,108,27636,343,25),(59,'UNION TERRITORY - CHANDIGARH  04','Rural',2605,52,1265,118,22095,269,24),(60,'UNION TERRITORY - CHANDIGARH  04','Urban',23578,279,4111,5703,160327,20269,3439),(61,'UNION TERRITORY - DADRA & NAGAR HAVELI  26','Rural',25886,36,295,404,8108,6086,109),(62,'UNION TERRITORY - DADRA & NAGAR HAVELI  26','Urban',2391,31,166,481,5950,7381,179),(63,'UNION TERRITORY - DAMAN & DIU  25','Rural',5494,88,77,308,21840,6453,55),(64,'UNION TERRITORY - DAMAN & DIU  25','Urban',787,81,102,542,8978,9032,65),(65,'UNION TERRITORY - DELHI  07','Rural',47809,311,24879,4947,147382,18494,866),(66,'UNION TERRITORY - DELHI  07','Urban',213832,4790,120231,92931,2266101,427073,10310),(67,'UNION TERRITORY - LAKSHADWEEP  31','Rural',1390,1,12,3,7759,261,33),(68,'UNION TERRITORY - LAKSHADWEEP  31','Urban',753,2,9,4,5830,338,212),(69,'UNION TERRITORY - PONDICHERRY  34','Rural',36591,88,600,227,49992,2440,41),(70,'UNION TERRITORY - PONDICHERRY  34','Urban',25155,203,928,428,120156,29677,680);
/*!40000 ALTER TABLE `state_floor` ENABLE KEYS */;
UNLOCK TABLES;

--
-- Table structure for table `state_lat`
--

DROP TABLE IF EXISTS `state_lat`;
/*!40101 SET @saved_cs_client     = @@character_set_client */;
/*!50503 SET character_set_client = utf8mb4 */;
CREATE TABLE `state_lat` (
  `idStateLat` int(4) unsigned NOT NULL AUTO_INCREMENT,
  `stateName` varchar(128) NOT NULL,
  `rurUrb` varchar(32) NOT NULL,
  `pitLat` int(4) unsigned DEFAULT '0',
  `wc` int(4) unsigned DEFAULT '0',
  `otherLat` int(4) unsigned DEFAULT '0',
  `noLat` int(4) unsigned DEFAULT '0',
  PRIMARY KEY (`idStateLat`)
) ENGINE=InnoDB AUTO_INCREMENT=71 DEFAULT CHARSET=utf8;
/*!40101 SET character_set_client = @saved_cs_client */;

--
-- Dumping data for table `state_lat`
--

LOCK TABLES `state_lat` WRITE;
/*!40000 ALTER TABLE `state_lat` DISABLE KEYS */;
INSERT INTO `state_lat` VALUES (1,'STATE - ANDHRA PRADESH  28','Rural',809705,1093148,397842,10375523),(2,'STATE - ANDHRA PRADESH  28','Urban',630179,1960525,667807,915128),(3,'STATE - ARUNACHAL PRADESH  12','Rural',39513,9940,28418,86630),(4,'STATE - ARUNACHAL PRADESH  12','Urban',15434,13499,12903,6278),(5,'STATE - ASSAM  18','Rural',1979800,363519,170485,1706369),(6,'STATE - ASSAM  18','Urban',188702,421092,66741,38650),(7,'STATE - BIHAR  10','Rural',755668,526492,479431,10898416),(8,'STATE - BIHAR  10','Urban',150391,574602,196767,400823),(9,'STATE - CHHATTISGARH  22','Rural',59659,61434,52901,3185084),(10,'STATE - CHHATTISGARH  22','Urban',40676,306495,68034,374235),(11,'STATE - GOA  30','Rural',26636,29316,11911,72892),(12,'STATE - GOA  30','Urban',25948,53831,16080,42602),(13,'STATE - GUJARAT  24','Rural',475894,663847,134782,4611438),(14,'STATE - GUJARAT  24','Urban',366410,2334150,326408,731060),(15,'STATE - HARYANA  06','Rural',502207,51845,149461,1750950),(16,'STATE - HARYANA  06','Urban',284714,333201,249377,207887),(17,'STATE - HIMACHAL PRADESH  02','Rural',164167,70258,69777,793318),(18,'STATE - HIMACHAL PRADESH  02','Urban',17166,71153,22197,32597),(19,'STATE - JAMMU & KASHMIR  01','Rural',190753,33450,261231,675923),(20,'STATE - JAMMU & KASHMIR  01','Urban',78751,103602,156815,51243),(21,'STATE - JHARKHAND  20','Rural',80582,84693,84517,3552620),(22,'STATE - JHARKHAND  20','Urban',78521,437172,191197,353288),(23,'STATE - KARNATAKA  29','Rural',632514,311500,217245,5513914),(24,'STATE - KARNATAKA  29','Urban',736283,1595616,343868,881193),(25,'STATE - KERALA  32','Rural',631664,3063983,324374,922529),(26,'STATE - KERALA  32','Urban',183557,1235462,101728,131909),(27,'STATE - MADHYA PRADESH  23','Rural',315561,213056,197601,7398577),(28,'STATE - MADHYA PRADESH  23','Urban',332437,1148702,412089,901630),(29,'STATE - MAHARASHTRA  27','Rural',1124458,585470,292008,8991687),(30,'STATE - MAHARASHTRA  27','Urban',571036,3580166,535330,3382994),(31,'STATE - MANIPUR  14','Rural',198029,13708,17925,66692),(32,'STATE - MANIPUR  14','Urban',67834,20815,7904,4749),(33,'STATE - MEGHALAYA  17','Rural',98370,12339,21490,197479),(34,'STATE - MEGHALAYA  17','Urban',30005,39435,13505,7623),(35,'STATE - MIZORAM  15','Rural',55677,3271,4337,16077),(36,'STATE - MIZORAM  15','Urban',44477,28170,7353,1604),(37,'STATE - NAGALAND  13','Rural',125410,15705,30410,93809),(38,'STATE - NAGALAND  13','Urban',27000,13255,22539,3922),(39,'STATE - ORISSA  21','Rural',209472,223290,90510,6259607),(40,'STATE - ORISSA  21','Urban',103055,468113,77767,438313),(41,'STATE - PUNJAB  03','Rural',731747,177292,226487,1639936),(42,'STATE - PUNJAB  03','Urban',305813,692949,290145,200787),(43,'STATE - RAJASTHAN  08','Rural',579921,227428,238036,6111318),(44,'STATE - RAJASTHAN  08','Urban',397910,886868,378726,522087),(45,'STATE - SIKKIM  11','Rural',27296,22326,4816,37285),(46,'STATE - SIKKIM  11','Urban',251,11322,373,1069),(47,'STATE - TAMIL NADU  33','Rural',377122,609067,201730,7086871),(48,'STATE - TAMIL NADU  33','Urban',658193,2682181,454527,2103935),(49,'STATE - TRIPURA  16','Rural',356303,24631,39650,119096),(50,'STATE - TRIPURA  16','Urban',54806,52763,11051,3723),(51,'STATE - UTTAR PRADESH  09','Rural',1716646,401200,1840724,16631504),(52,'STATE - UTTAR PRADESH  09','Urban',934442,1653335,1549079,1033671),(53,'STATE - UTTARANCHAL  05','Rural',192541,85770,99685,818161),(54,'STATE - UTTARANCHAL  05','Urban',104258,159255,75478,51173),(55,'STATE - WEST BENGAL  19','Rural',1712827,778345,514682,8156016),(56,'STATE - WEST BENGAL  19','Urban',1042595,2513682,307646,690122),(57,'UNION TERRITORY - ANDAMAN & NICOBAR ISLANDS  35','Rural',6154,9127,5737,28635),(58,'UNION TERRITORY - ANDAMAN & NICOBAR ISLANDS  35','Urban',1578,13739,2589,5503),(59,'UNION TERRITORY - CHANDIGARH  04','Rural',1363,10137,3098,6704),(60,'UNION TERRITORY - CHANDIGARH  04','Urban',1849,127789,14950,35988),(61,'UNION TERRITORY - DADRA & NAGAR HAVELI  26','Rural',74,5538,67,27104),(62,'UNION TERRITORY - DADRA & NAGAR HAVELI  26','Urban',388,8010,241,2551),(63,'UNION TERRITORY - DAMAN & DIU  25','Rural',2069,4468,537,15017),(64,'UNION TERRITORY - DAMAN & DIU  25','Urban',419,7418,179,4235),(65,'UNION TERRITORY - DELHI  07','Rural',55767,32255,18586,62920),(66,'UNION TERRITORY - DELHI  07','Urban',362087,1129239,393275,500020),(67,'UNION TERRITORY - LAKSHADWEEP  31','Rural',20,4881,83,367),(68,'UNION TERRITORY - LAKSHADWEEP  31','Urban',30,2729,499,631),(69,'UNION TERRITORY - PONDICHERRY  34','Rural',708,14325,434,56732),(70,'UNION TERRITORY - PONDICHERRY  34','Urban',2994,81057,4692,47713);
/*!40000 ALTER TABLE `state_lat` ENABLE KEYS */;
UNLOCK TABLES;

--
-- Table structure for table `state_loc`
--

DROP TABLE IF EXISTS `state_loc`;
/*!40101 SET @saved_cs_client     = @@character_set_client */;
/*!50503 SET character_set_client = utf8mb4 */;
CREATE TABLE `state_loc` (
  `idStateLoc` int(4) unsigned NOT NULL AUTO_INCREMENT,
  `idState` int(4) NOT NULL,
  `idLoc` int(4) NOT NULL,
  PRIMARY KEY (`idStateLoc`),
  UNIQUE KEY `idState` (`idState`,`idLoc`)
) ENGINE=InnoDB AUTO_INCREMENT=128 DEFAULT CHARSET=utf8;
/*!40101 SET character_set_client = @saved_cs_client */;

--
-- Dumping data for table `state_loc`
--

LOCK TABLES `state_loc` WRITE;
/*!40000 ALTER TABLE `state_loc` DISABLE KEYS */;
INSERT INTO `state_loc` VALUES (1,1,1),(2,1,2),(3,2,1),(4,2,2),(5,3,1),(6,3,2),(7,4,1),(8,4,2),(9,5,1),(10,5,2),(11,6,1),(12,6,2),(14,7,1),(13,7,2),(15,8,1),(16,8,2),(17,9,1),(18,9,2),(19,10,1),(20,10,2),(21,11,1),(22,11,2),(23,12,1),(24,12,2),(25,13,1),(26,13,2),(27,14,1),(28,14,2),(30,15,1),(29,15,2),(31,16,1),(32,16,2),(33,17,1),(34,17,2),(35,18,1),(36,18,2),(37,19,1),(38,19,2),(39,20,1),(40,20,2),(41,21,1),(42,21,2),(43,22,1),(44,22,2),(46,23,1),(45,23,2),(47,24,1),(48,24,2),(49,25,1),(50,25,2),(51,26,1),(52,26,2),(53,27,1),(54,27,2),(55,28,1),(56,28,2),(57,29,1),(58,29,2),(59,30,1),(60,30,2),(62,31,1),(61,31,2),(63,32,1),(64,32,2),(65,33,1),(66,33,2),(67,34,1),(68,34,2),(69,35,1),(70,35,2);
/*!40000 ALTER TABLE `state_loc` ENABLE KEYS */;
UNLOCK TABLES;

--
-- Dumping events for database 'indian_people_stats'
--

--
-- Dumping routines for database 'indian_people_stats'
--
/*!40103 SET TIME_ZONE=@OLD_TIME_ZONE */;

/*!40101 SET SQL_MODE=@OLD_SQL_MODE */;
/*!40014 SET FOREIGN_KEY_CHECKS=@OLD_FOREIGN_KEY_CHECKS */;
/*!40014 SET UNIQUE_CHECKS=@OLD_UNIQUE_CHECKS */;
/*!40101 SET CHARACTER_SET_CLIENT=@OLD_CHARACTER_SET_CLIENT */;
/*!40101 SET CHARACTER_SET_RESULTS=@OLD_CHARACTER_SET_RESULTS */;
/*!40101 SET COLLATION_CONNECTION=@OLD_COLLATION_CONNECTION */;
/*!40111 SET SQL_NOTES=@OLD_SQL_NOTES */;

-- Dump completed on 2019-11-13 15:31:34
